timestamp,username,text,url_pencarian
2023-12-30T01:53:42.000Z,@FPKSDPRRI,"Anggota DPR RI F-PKS, Johan Rosihan, mengisi kegiatan Reses dengan menyapa warga di Sumbawa. Simak keseruannya di video berikut yah || @Rosihanjohan (Anggota Komisi IV DPR RI F-PKS) #fraksipksdprri #PKSpembelaRakyat #PKSnomor8",https://x.com/search?q=(%22DPR%20RI%22%20OR%20%22Dewan%20Perwakilan%20Rakyat%22%20OR%20%22anggota%20DPR%22%20OR%20%22wakil%20rakyat%22%20OR%20%22Komisi%20DPR%22%20OR%20%22Gedung%20DPR%22)%20(%22RUU%22%20OR%20%22undang-undang%22%20OR%20%22kebijakan%22%20OR%20%22pengesahan%22%20OR%20%22reses%22%20OR%20%22rapat%20paripurna%22%20OR%20%22aspirasi%20rakyat%22)%20since%3A2023-01-01%20until%3A2023-12-31&src=typed_query&f=top
2023-12-09T13:29:28.000Z,@ojkindonesia,"Kunjungan Kerja Reses Komisi XI DPR RI ke Provinsi Bali. Sobat OJK, Ketua Dewan Audit OJK Sophia Wattimena menyampaikan OJK akan terus berupaya mendorong akses pembiayaan kepada UMKM guna mendukung pertumbuhan ekonomi,",https://x.com/search?q=(%22DPR%20RI%22%20OR%20%22Dewan%20Perwakilan%20Rakyat%22%20OR%20%22anggota%20DPR%22%20OR%20%22wakil%20rakyat%22%20OR%20%22Komisi%20DPR%22%20OR%20%22Gedung%20DPR%22)%20(%22RUU%22%20OR%20%22undang-undang%22%20OR%20%22kebijakan%22%20OR%20%22pengesahan%22%20OR%20%22reses%22%20OR%20%22rapat%20paripurna%22%20OR%20%22aspirasi%20rakyat%22)%20since%3A2023-01-01%20until%3A2023-12-31&src=typed_query&f=top
2023-12-16T12:31:12.000Z,@NasDem,Kakak Armando Romadona Caleg DPR RI dari Partai NasDem dapil Sumatera Selatan 1 mempunyai program untuk peremajaan kelapa sawit rakyat sehingga petani sawit bisa lebih sejahtera. Dengan duduk di legislatif ia akan membuat kebijakan-kebijakan yang bisa memajukan petani-petani,https://x.com/search?q=(%22DPR%20RI%22%20OR%20%22Dewan%20Perwakilan%20Rakyat%22%20OR%20%22anggota%20DPR%22%20OR%20%22wakil%20rakyat%22%20OR%20%22Komisi%20DPR%22%20OR%20%22Gedung%20DPR%22)%20(%22RUU%22%20OR%20%22undang-undang%22%20OR%20%22kebijakan%22%20OR%20%22pengesahan%22%20OR%20%22reses%22%20OR%20%22rapat%20paripurna%22%20OR%20%22aspirasi%20rakyat%22)%20since%3A2023-01-01%20until%3A2023-12-31&src=typed_query&f=top
2023-12-30T07:01:23.000Z,@psi_id,"Perjuangan mendesak wakil rakyat untuk segera mengesahkan RUU Perampasan Aset Koruptor gak akan pernah berhenti. Hukuman penjara jelas gak bikin koruptor jera, perlu hukuman lain yang bikin mereka ketakutan, yaitu dimiskinkan. Tangkap koruptor! Sita aset-asetnya! itu baru",https://x.com/search?q=(%22DPR%20RI%22%20OR%20%22Dewan%20Perwakilan%20Rakyat%22%20OR%20%22anggota%20DPR%22%20OR%20%22wakil%20rakyat%22%20OR%20%22Komisi%20DPR%22%20OR%20%22Gedung%20DPR%22)%20(%22RUU%22%20OR%20%22undang-undang%22%20OR%20%22kebijakan%22%20OR%20%22pengesahan%22%20OR%20%22reses%22%20OR%20%22rapat%20paripurna%22%20OR%20%22aspirasi%20rakyat%22)%20since%3A2023-01-01%20until%3A2023-12-31&src=typed_query&f=top
2023-12-13T00:32:34.000Z,@BadanPangan,"#SobatPangan, NFA bersama Komisi IV DPR RI melakukan Kunjungan Kerja Reses Masa Persidangan II Tahun Sidang 2022-2023 Provinsi Kalimantan Timur pada Selasa (12/12/2023). Selengkapnya di : http://badanpangan.go.id",https://x.com/search?q=(%22DPR%20RI%22%20OR%20%22Dewan%20Perwakilan%20Rakyat%22%20OR%20%22anggota%20DPR%22%20OR%20%22wakil%20rakyat%22%20OR%20%22Komisi%20DPR%22%20OR%20%22Gedung%20DPR%22)%20(%22RUU%22%20OR%20%22undang-undang%22%20OR%20%22kebijakan%22%20OR%20%22pengesahan%22%20OR%20%22reses%22%20OR%20%22rapat%20paripurna%22%20OR%20%22aspirasi%20rakyat%22)%20since%3A2023-01-01%20until%3A2023-12-31&src=typed_query&f=top
2023-12-23T07:21:15.000Z,@Adv_ERAT,"RUU Perampasan Aset utk MISKINkan dan YANG DITAKUTI KORUPTOR mandeg di @DPR_RI, nunggu diperintah JURAGAN, seperti Kata Bambang Pacul: ""Siap!!! Kalau diperintah JURAGAN"", katanya wakil rakyat, eh malah TANPA SENGAJA jadi WAKIL JURAGAN. eMprof, eMprof, eMprof.",https://x.com/search?q=(%22DPR%20RI%22%20OR%20%22Dewan%20Perwakilan%20Rakyat%22%20OR%20%22anggota%20DPR%22%20OR%20%22wakil%20rakyat%22%20OR%20%22Komisi%20DPR%22%20OR%20%22Gedung%20DPR%22)%20(%22RUU%22%20OR%20%22undang-undang%22%20OR%20%22kebijakan%22%20OR%20%22pengesahan%22%20OR%20%22reses%22%20OR%20%22rapat%20paripurna%22%20OR%20%22aspirasi%20rakyat%22)%20since%3A2023-01-01%20until%3A2023-12-31&src=typed_query&f=top
2023-12-22T17:37:58.000Z,N/A,Jelas boring @Dennysiregar7. Yg sabaar ya.. x.com/Dennysiregar7/…,https://x.com/search?q=(%22DPR%20RI%22%20OR%20%22Dewan%20Perwakilan%20Rakyat%22%20OR%20%22anggota%20DPR%22%20OR%20%22wakil%20rakyat%22%20OR%20%22Komisi%20DPR%22%20OR%20%22Gedung%20DPR%22)%20(%22RUU%22%20OR%20%22undang-undang%22%20OR%20%22kebijakan%22%20OR%20%22pengesahan%22%20OR%20%22reses%22%20OR%20%22rapat%20paripurna%22%20OR%20%22aspirasi%20rakyat%22)%20since%3A2023-01-01%20until%3A2023-12-31&src=typed_query&f=top
2023-12-12T08:01:03.000Z,@kenhans03,"@ganjarpranowo berperan besar dalam penghapusan diskriminasi terhadap warga minoritas atau keturunan Tionghoa. Sewaktu menjabat sbg anggota DPR RI, Ganjar Pranowo membidani lahirnya Undang-Undang No 12 tahun 2006 tentang Kewarganegaraan. #GanjarMahfud2024 #GasssGanjarMahfud",https://x.com/search?q=(%22DPR%20RI%22%20OR%20%22Dewan%20Perwakilan%20Rakyat%22%20OR%20%22anggota%20DPR%22%20OR%20%22wakil%20rakyat%22%20OR%20%22Komisi%20DPR%22%20OR%20%22Gedung%20DPR%22)%20(%22RUU%22%20OR%20%22undang-undang%22%20OR%20%22kebijakan%22%20OR%20%22pengesahan%22%20OR%20%22reses%22%20OR%20%22rapat%20paripurna%22%20OR%20%22aspirasi%20rakyat%22)%20since%3A2023-01-01%20until%3A2023-12-31&src=typed_query&f=top
2023-12-11T10:51:17.000Z,@FPKSDPRRI,"Fraksi PKS konsisten mendukung pembahasan dan pengesahan RUU yang membawa manfaat positif bagi umat dalam rangka mewujudkan NKRI yang berlandaskan pada nilai-nilai agama, serta berpihak pada keadilan dan kesejahteraan umat.",https://x.com/search?q=(%22DPR%20RI%22%20OR%20%22Dewan%20Perwakilan%20Rakyat%22%20OR%20%22anggota%20DPR%22%20OR%20%22wakil%20rakyat%22%20OR%20%22Komisi%20DPR%22%20OR%20%22Gedung%20DPR%22)%20(%22RUU%22%20OR%20%22undang-undang%22%20OR%20%22kebijakan%22%20OR%20%22pengesahan%22%20OR%20%22reses%22%20OR%20%22rapat%20paripurna%22%20OR%20%22aspirasi%20rakyat%22)%20since%3A2023-01-01%20until%3A2023-12-31&src=typed_query&f=top
2023-12-12T11:04:21.000Z,@FPKSDPRRI,PKS Tolak RUU Provinsi Daerah Khusus Jakarta #fraksipksdprri #PKSpembelaRakyat #PKSnomor8,https://x.com/search?q=(%22DPR%20RI%22%20OR%20%22Dewan%20Perwakilan%20Rakyat%22%20OR%20%22anggota%20DPR%22%20OR%20%22wakil%20rakyat%22%20OR%20%22Komisi%20DPR%22%20OR%20%22Gedung%20DPR%22)%20(%22RUU%22%20OR%20%22undang-undang%22%20OR%20%22kebijakan%22%20OR%20%22pengesahan%22%20OR%20%22reses%22%20OR%20%22rapat%20paripurna%22%20OR%20%22aspirasi%20rakyat%22)%20since%3A2023-01-01%20until%3A2023-12-31&src=typed_query&f=top
2023-12-20T08:18:29.000Z,@nalarinstitute,"Pada tanggal 20 September 2022, DPR RI meratifikasi Undang-Undang No. 27 Tahun 2022 tentang Perlindungan Data Pribadi. Pengesahan tersebut terjadi pada saat 'malapetaka Bjorka', yaitu ketika seorang #peretas menembus dan mencuri data jutaan penduduk Indonesia.",https://x.com/search?q=(%22DPR%20RI%22%20OR%20%22Dewan%20Perwakilan%20Rakyat%22%20OR%20%22anggota%20DPR%22%20OR%20%22wakil%20rakyat%22%20OR%20%22Komisi%20DPR%22%20OR%20%22Gedung%20DPR%22)%20(%22RUU%22%20OR%20%22undang-undang%22%20OR%20%22kebijakan%22%20OR%20%22pengesahan%22%20OR%20%22reses%22%20OR%20%22rapat%20paripurna%22%20OR%20%22aspirasi%20rakyat%22)%20since%3A2023-01-01%20until%3A2023-12-31&src=typed_query&f=top
2023-12-16T09:43:01.000Z,@pksbogor,"Anggota Komisi X DPR RI Fahmy Alaydroes mengadakan Kunjungan Kerja Anggota DPR RI Masa Reses II Tahun Sidang 2023-2024 Kamis, (14/12) Dalam kunjungan Habib Fahmy kali ini lebih banyak bertemu dengan orang tua murid penerima PIP. @fahmyalaydroes",https://x.com/search?q=(%22DPR%20RI%22%20OR%20%22Dewan%20Perwakilan%20Rakyat%22%20OR%20%22anggota%20DPR%22%20OR%20%22wakil%20rakyat%22%20OR%20%22Komisi%20DPR%22%20OR%20%22Gedung%20DPR%22)%20(%22RUU%22%20OR%20%22undang-undang%22%20OR%20%22kebijakan%22%20OR%20%22pengesahan%22%20OR%20%22reses%22%20OR%20%22rapat%20paripurna%22%20OR%20%22aspirasi%20rakyat%22)%20since%3A2023-01-01%20until%3A2023-12-31&src=typed_query&f=top
2023-12-18T08:52:08.000Z,@saiful_mujani,semoga @DPR_RI menolak ruu pengangkatan gubernur dki oleh presiden ini setelah banyak pihak menolaknya.,https://x.com/search?q=(%22DPR%20RI%22%20OR%20%22Dewan%20Perwakilan%20Rakyat%22%20OR%20%22anggota%20DPR%22%20OR%20%22wakil%20rakyat%22%20OR%20%22Komisi%20DPR%22%20OR%20%22Gedung%20DPR%22)%20(%22RUU%22%20OR%20%22undang-undang%22%20OR%20%22kebijakan%22%20OR%20%22pengesahan%22%20OR%20%22reses%22%20OR%20%22rapat%20paripurna%22%20OR%20%22aspirasi%20rakyat%22)%20since%3A2023-01-01%20until%3A2023-12-31&src=typed_query&f=top
2023-12-08T15:47:04.000Z,@kompascom,{Thread} Dewan Perwakilan Rakyat (DPR) RI tengah menggodok rancangan undang-undang (RUU) Daerah Khusus Jakarta (DKJ). RUU tersebut dibahas sebelum perpindahan ibu kota dari DKI Jakarta menuju Ibu Kota Negara (IKN) Nusantara pada 2024.,https://x.com/search?q=(%22DPR%20RI%22%20OR%20%22Dewan%20Perwakilan%20Rakyat%22%20OR%20%22anggota%20DPR%22%20OR%20%22wakil%20rakyat%22%20OR%20%22Komisi%20DPR%22%20OR%20%22Gedung%20DPR%22)%20(%22RUU%22%20OR%20%22undang-undang%22%20OR%20%22kebijakan%22%20OR%20%22pengesahan%22%20OR%20%22reses%22%20OR%20%22rapat%20paripurna%22%20OR%20%22aspirasi%20rakyat%22)%20since%3A2023-01-01%20until%3A2023-12-31&src=typed_query&f=top
2023-12-11T07:47:05.000Z,@kemenkumjateng,Kemenkumham Jateng Terima Kunjungan Kerja Reses Komisi III DPR RI Masa Persidangan II Tahun 2023-2024 https://jateng.kemenkumham.go.id/pusat-informasi/artikel/9176-kemenkumham-jateng-terima-kunjungan-kerja-reses-komisi-iii-dpr-ri-masa-persidangan-ii-tahun-2023-2024…,https://x.com/search?q=(%22DPR%20RI%22%20OR%20%22Dewan%20Perwakilan%20Rakyat%22%20OR%20%22anggota%20DPR%22%20OR%20%22wakil%20rakyat%22%20OR%20%22Komisi%20DPR%22%20OR%20%22Gedung%20DPR%22)%20(%22RUU%22%20OR%20%22undang-undang%22%20OR%20%22kebijakan%22%20OR%20%22pengesahan%22%20OR%20%22reses%22%20OR%20%22rapat%20paripurna%22%20OR%20%22aspirasi%20rakyat%22)%20since%3A2023-01-01%20until%3A2023-12-31&src=typed_query&f=top
2023-12-12T02:59:56.000Z,@bapaspati,"SEMARANG - Kantor Wilayah Kementerian Hukum dan HAM Jawa Tengah menerima Kunjungan Kerja Reses Komisi III DPR RI Masa Persidangan II Tahun 2023-2024, Senin (11/12).",https://x.com/search?q=(%22DPR%20RI%22%20OR%20%22Dewan%20Perwakilan%20Rakyat%22%20OR%20%22anggota%20DPR%22%20OR%20%22wakil%20rakyat%22%20OR%20%22Komisi%20DPR%22%20OR%20%22Gedung%20DPR%22)%20(%22RUU%22%20OR%20%22undang-undang%22%20OR%20%22kebijakan%22%20OR%20%22pengesahan%22%20OR%20%22reses%22%20OR%20%22rapat%20paripurna%22%20OR%20%22aspirasi%20rakyat%22)%20since%3A2023-01-01%20until%3A2023-12-31&src=typed_query&f=top
2023-12-17T14:26:35.000Z,@RadioElshinta,"Simak Power Breakfast bersama Dr. dr. Nova Riyanti Yusuf, SpKJ || Direktur Utama Pusat Kesehatan Jiwa Nasional RSJ dr. H. Marzoeki Mahdi/Anggota Dewan Perwakilan Rakyat periode 2009-2014/Wakil Ketua Komisi X DPR RI/Inisiator sekaligus Ketua Panja RUU Kesehatan Jiwa. Pada Senin,",https://x.com/search?q=(%22DPR%20RI%22%20OR%20%22Dewan%20Perwakilan%20Rakyat%22%20OR%20%22anggota%20DPR%22%20OR%20%22wakil%20rakyat%22%20OR%20%22Komisi%20DPR%22%20OR%20%22Gedung%20DPR%22)%20(%22RUU%22%20OR%20%22undang-undang%22%20OR%20%22kebijakan%22%20OR%20%22pengesahan%22%20OR%20%22reses%22%20OR%20%22rapat%20paripurna%22%20OR%20%22aspirasi%20rakyat%22)%20since%3A2023-01-01%20until%3A2023-12-31&src=typed_query&f=top
2023-12-10T23:08:23.000Z,@FPKSDPRRI,Tolak RUU Daerah Khusus Jakarta || @JazuliJuwaini (Ketua Fraksi PKS DPR RI) #fraksipksdprri #PKSpembelaRakyat #PKSnomor8,https://x.com/search?q=(%22DPR%20RI%22%20OR%20%22Dewan%20Perwakilan%20Rakyat%22%20OR%20%22anggota%20DPR%22%20OR%20%22wakil%20rakyat%22%20OR%20%22Komisi%20DPR%22%20OR%20%22Gedung%20DPR%22)%20(%22RUU%22%20OR%20%22undang-undang%22%20OR%20%22kebijakan%22%20OR%20%22pengesahan%22%20OR%20%22reses%22%20OR%20%22rapat%20paripurna%22%20OR%20%22aspirasi%20rakyat%22)%20since%3A2023-01-01%20until%3A2023-12-31&src=typed_query&f=top
2023-12-16T03:52:34.000Z,@pksbogor,"Anggota Komisi X DPR RI Fahmy Alaydroes mengadakan Kunjungan Kerja Anggota DPR RI Masa Reses II Tahun Sidang 2023-2024 Selasa, (12/12) di 2 lokasi berbeda. @fahmyalaydroes",https://x.com/search?q=(%22DPR%20RI%22%20OR%20%22Dewan%20Perwakilan%20Rakyat%22%20OR%20%22anggota%20DPR%22%20OR%20%22wakil%20rakyat%22%20OR%20%22Komisi%20DPR%22%20OR%20%22Gedung%20DPR%22)%20(%22RUU%22%20OR%20%22undang-undang%22%20OR%20%22kebijakan%22%20OR%20%22pengesahan%22%20OR%20%22reses%22%20OR%20%22rapat%20paripurna%22%20OR%20%22aspirasi%20rakyat%22)%20since%3A2023-01-01%20until%3A2023-12-31&src=typed_query&f=top
2023-12-15T11:20:40.000Z,@DPR_Aceh,Rapat Paripurna DPR Aceh Tahun 2023 Dalam Rangka Pengukuhan Paduka Yang Mulia Wali Nanggroe Aceh Masa Jabatan Tahun 2023-2028,https://x.com/search?q=(%22DPR%20RI%22%20OR%20%22Dewan%20Perwakilan%20Rakyat%22%20OR%20%22anggota%20DPR%22%20OR%20%22wakil%20rakyat%22%20OR%20%22Komisi%20DPR%22%20OR%20%22Gedung%20DPR%22)%20(%22RUU%22%20OR%20%22undang-undang%22%20OR%20%22kebijakan%22%20OR%20%22pengesahan%22%20OR%20%22reses%22%20OR%20%22rapat%20paripurna%22%20OR%20%22aspirasi%20rakyat%22)%20since%3A2023-01-01%20until%3A2023-12-31&src=typed_query&f=top
2023-12-30T03:19:41.000Z,@madHink,"Senior saya, anggota DPR sejak 2009. Ga pernah bagi2 duit waktu turun ke konstituen, baik di masa kampanye, atau setelah terpilih ketika masa reses atau masa menjemput aspirasi. Semua dana reses & dana aspirasi dia belikan sembako, sarung, jilbab, kopiah dlsj untuk warga.",https://x.com/search?q=(%22DPR%20RI%22%20OR%20%22Dewan%20Perwakilan%20Rakyat%22%20OR%20%22anggota%20DPR%22%20OR%20%22wakil%20rakyat%22%20OR%20%22Komisi%20DPR%22%20OR%20%22Gedung%20DPR%22)%20(%22RUU%22%20OR%20%22undang-undang%22%20OR%20%22kebijakan%22%20OR%20%22pengesahan%22%20OR%20%22reses%22%20OR%20%22rapat%20paripurna%22%20OR%20%22aspirasi%20rakyat%22)%20since%3A2023-01-01%20until%3A2023-12-31&src=typed_query&f=top
2023-12-08T03:14:18.000Z,@pemprovsu,"Terima Kunjungan Komisi II DPR RI, Pj Gubernur Sumut Pastikan Tahapan Pemilu Berjalan Baik selengkapnya berita dapat diakses melalui Website : http://sumutprov.go.id @kemendagri #PjGubernur #KunjunganKerja #Reses #DPR #RI #PemprovSumut #SumateraUtara #SumutSmartProvince",https://x.com/search?q=(%22DPR%20RI%22%20OR%20%22Dewan%20Perwakilan%20Rakyat%22%20OR%20%22anggota%20DPR%22%20OR%20%22wakil%20rakyat%22%20OR%20%22Komisi%20DPR%22%20OR%20%22Gedung%20DPR%22)%20(%22RUU%22%20OR%20%22undang-undang%22%20OR%20%22kebijakan%22%20OR%20%22pengesahan%22%20OR%20%22reses%22%20OR%20%22rapat%20paripurna%22%20OR%20%22aspirasi%20rakyat%22)%20since%3A2023-01-01%20until%3A2023-12-31&src=typed_query&f=top
2023-12-22T06:54:28.000Z,@FPKSDPRRI,"Masa Reses di Akhir Tahun, Andi Akmal Soroti Kelangkaan BBM Subsidi di Kabupaten Bone https://fraksi.pks.id/2023/12/22/masa-reses-di-akhir-tahun-andi-akmal-soroti-kelangkaan-bbm-subsidi-di-kabupaten-bone/… via @FPKSDPRRI #PKSpembelaRakyat",https://x.com/search?q=(%22DPR%20RI%22%20OR%20%22Dewan%20Perwakilan%20Rakyat%22%20OR%20%22anggota%20DPR%22%20OR%20%22wakil%20rakyat%22%20OR%20%22Komisi%20DPR%22%20OR%20%22Gedung%20DPR%22)%20(%22RUU%22%20OR%20%22undang-undang%22%20OR%20%22kebijakan%22%20OR%20%22pengesahan%22%20OR%20%22reses%22%20OR%20%22rapat%20paripurna%22%20OR%20%22aspirasi%20rakyat%22)%20since%3A2023-01-01%20until%3A2023-12-31&src=typed_query&f=top
2023-12-20T16:20:14.000Z,@DedynurPalakka,"Masalahnya bukan di lembaga Eksekutif, tapi di lembaga legislatif. Mogoknya pengesahan RUU Perampasan Aset justru datang dari lembaga legislatif, kalau Presiden @jokowi sudah berkali-kali meminta DPR RI agar segera mensahkan RUU ini, bahkan Menkopolhukam sendiri saat rapat",https://x.com/search?q=(%22DPR%20RI%22%20OR%20%22Dewan%20Perwakilan%20Rakyat%22%20OR%20%22anggota%20DPR%22%20OR%20%22wakil%20rakyat%22%20OR%20%22Komisi%20DPR%22%20OR%20%22Gedung%20DPR%22)%20(%22RUU%22%20OR%20%22undang-undang%22%20OR%20%22kebijakan%22%20OR%20%22pengesahan%22%20OR%20%22reses%22%20OR%20%22rapat%20paripurna%22%20OR%20%22aspirasi%20rakyat%22)%20since%3A2023-01-01%20until%3A2023-12-31&src=typed_query&f=top
2023-12-20T16:05:29.000Z,N/A,"Setidaknya untuk saat ini, RUU Perampasan Aset itu isu legislatif bukan isu eksekutif. Tinggalkan dulu sentimen Pilpres agar kita bisa melihat dengan jernih apa yang menyebabkan RUU Perampasan Aset itu mandeg.",https://x.com/search?q=(%22DPR%20RI%22%20OR%20%22Dewan%20Perwakilan%20Rakyat%22%20OR%20%22anggota%20DPR%22%20OR%20%22wakil%20rakyat%22%20OR%20%22Komisi%20DPR%22%20OR%20%22Gedung%20DPR%22)%20(%22RUU%22%20OR%20%22undang-undang%22%20OR%20%22kebijakan%22%20OR%20%22pengesahan%22%20OR%20%22reses%22%20OR%20%22rapat%20paripurna%22%20OR%20%22aspirasi%20rakyat%22)%20since%3A2023-01-01%20until%3A2023-12-31&src=typed_query&f=top
2023-12-30T08:15:47.000Z,@koramilmasamba1,"Danramil 1403-11 masamba Kapten Inf Much. Sukardi bersama Porkopimcam menghadiri Kegiatan Reses dan Syukuran peningkatan kwalitas ruas jalan Kapidi-Tolada oleh Anggota DPR RI Fraksi Partai Golkar (Muhammad Fauzi, SE), di Desa Cendana Putih 1 Kec. Mappadeceng Kab. Luwu Utara.",https://x.com/search?q=(%22DPR%20RI%22%20OR%20%22Dewan%20Perwakilan%20Rakyat%22%20OR%20%22anggota%20DPR%22%20OR%20%22wakil%20rakyat%22%20OR%20%22Komisi%20DPR%22%20OR%20%22Gedung%20DPR%22)%20(%22RUU%22%20OR%20%22undang-undang%22%20OR%20%22kebijakan%22%20OR%20%22pengesahan%22%20OR%20%22reses%22%20OR%20%22rapat%20paripurna%22%20OR%20%22aspirasi%20rakyat%22)%20since%3A2023-01-01%20until%3A2023-12-31&src=typed_query&f=top
2023-12-10T06:51:17.000Z,@FPKSDPRRI,"Calon presiden nomor urut 1, Anies Baswedan, menyebut ironis soal Rancangan Undang-Undang Khusus Jakarta (RUU DKJ). Salah satunya yang mengatur penunjukan gubernur oleh presiden. Anies menyatakan hal tersebut memangkas kebebasan berdemokrasi.",https://x.com/search?q=(%22DPR%20RI%22%20OR%20%22Dewan%20Perwakilan%20Rakyat%22%20OR%20%22anggota%20DPR%22%20OR%20%22wakil%20rakyat%22%20OR%20%22Komisi%20DPR%22%20OR%20%22Gedung%20DPR%22)%20(%22RUU%22%20OR%20%22undang-undang%22%20OR%20%22kebijakan%22%20OR%20%22pengesahan%22%20OR%20%22reses%22%20OR%20%22rapat%20paripurna%22%20OR%20%22aspirasi%20rakyat%22)%20since%3A2023-01-01%20until%3A2023-12-31&src=typed_query&f=top
2023-12-08T04:23:48.000Z,@humasjateng,"Pj Gub @pjnanasudjana menerima kunjungan reses Komisi VIII DPR RI masa persidangan II tahun 2023-2024 di Kantor Gubernur Jateng, Rabu (6/12/ 2023).Kunjungan tersebut terkait penambahan kuota jemaah haji 2024 di Jateng.Diusulkan juga penambahan embarkasi haji baru di Demak.",https://x.com/search?q=(%22DPR%20RI%22%20OR%20%22Dewan%20Perwakilan%20Rakyat%22%20OR%20%22anggota%20DPR%22%20OR%20%22wakil%20rakyat%22%20OR%20%22Komisi%20DPR%22%20OR%20%22Gedung%20DPR%22)%20(%22RUU%22%20OR%20%22undang-undang%22%20OR%20%22kebijakan%22%20OR%20%22pengesahan%22%20OR%20%22reses%22%20OR%20%22rapat%20paripurna%22%20OR%20%22aspirasi%20rakyat%22)%20since%3A2023-01-01%20until%3A2023-12-31&src=typed_query&f=top
2023-12-10T03:01:02.000Z,@FPKSDPRRI,"Jakarta Kota yang Demokratis, PKS: Wajib Dipertahankan! Tolak Penunjukan Gubernur oleh Presiden Tolak RUU Daerah Khusus Jakarta #fraksipksdprri #PKSpembelaRakyat #PKSnomor8",https://x.com/search?q=(%22DPR%20RI%22%20OR%20%22Dewan%20Perwakilan%20Rakyat%22%20OR%20%22anggota%20DPR%22%20OR%20%22wakil%20rakyat%22%20OR%20%22Komisi%20DPR%22%20OR%20%22Gedung%20DPR%22)%20(%22RUU%22%20OR%20%22undang-undang%22%20OR%20%22kebijakan%22%20OR%20%22pengesahan%22%20OR%20%22reses%22%20OR%20%22rapat%20paripurna%22%20OR%20%22aspirasi%20rakyat%22)%20since%3A2023-01-01%20until%3A2023-12-31&src=typed_query&f=top
2023-12-19T06:00:38.000Z,@is_pelssy,"Pak Prabowo dan ajudannya gak salah, yg salah kebijakan tdk menonaktif jabatan para capres itu yg aneh.. @DPR_RI kalian ngapain aja Kata TNI soal Mayor Teddy Ajudan Prabowo Hadir Saat Debat Perdana: Dia Melekat",https://x.com/search?q=(%22DPR%20RI%22%20OR%20%22Dewan%20Perwakilan%20Rakyat%22%20OR%20%22anggota%20DPR%22%20OR%20%22wakil%20rakyat%22%20OR%20%22Komisi%20DPR%22%20OR%20%22Gedung%20DPR%22)%20(%22RUU%22%20OR%20%22undang-undang%22%20OR%20%22kebijakan%22%20OR%20%22pengesahan%22%20OR%20%22reses%22%20OR%20%22rapat%20paripurna%22%20OR%20%22aspirasi%20rakyat%22)%20since%3A2023-01-01%20until%3A2023-12-31&src=typed_query&f=top
2023-12-16T03:41:04.000Z,@Rur0un1KingTuk,Lo ngakunya undang undang usulan dari DPR. Kok sekarang menolak sih . @DPR_RI sudah mirip Jokowi . Sen kanan belok kiri,https://x.com/search?q=(%22DPR%20RI%22%20OR%20%22Dewan%20Perwakilan%20Rakyat%22%20OR%20%22anggota%20DPR%22%20OR%20%22wakil%20rakyat%22%20OR%20%22Komisi%20DPR%22%20OR%20%22Gedung%20DPR%22)%20(%22RUU%22%20OR%20%22undang-undang%22%20OR%20%22kebijakan%22%20OR%20%22pengesahan%22%20OR%20%22reses%22%20OR%20%22rapat%20paripurna%22%20OR%20%22aspirasi%20rakyat%22)%20since%3A2023-01-01%20until%3A2023-12-31&src=typed_query&f=top
2023-12-20T03:52:14.000Z,@Penyair_Berdiri,"Pak @ganjarpranowo tegas agar RUU Perampasan Aset Bagi Koruptor Segera Disahkan ! Dan Mbah Bambang Pacul , Ibu @puanmaharani_ri selaku ketua @DPR_RI juga @PDI_Perjuangan Pasti Mendukung GANJAR MAHFUD sebab doa wong cilik KORUPTOR wajib MLARAT ! http://jogja.idntimes.com/news/jogja/tun…",https://x.com/search?q=(%22DPR%20RI%22%20OR%20%22Dewan%20Perwakilan%20Rakyat%22%20OR%20%22anggota%20DPR%22%20OR%20%22wakil%20rakyat%22%20OR%20%22Komisi%20DPR%22%20OR%20%22Gedung%20DPR%22)%20(%22RUU%22%20OR%20%22undang-undang%22%20OR%20%22kebijakan%22%20OR%20%22pengesahan%22%20OR%20%22reses%22%20OR%20%22rapat%20paripurna%22%20OR%20%22aspirasi%20rakyat%22)%20since%3A2023-01-01%20until%3A2023-12-31&src=typed_query&f=top
2023-12-27T04:43:20.000Z,@tvr_parlemen,"TVR 120 - Setjen DPR RI - Perguruan Tinggi Kunci Dalam Perancangan Undang-Undang Guna memastikan partisipasi Masyarakat dalam Perancangan Undang-Undang, sesuai putusan MK Tahun 1991 #TVRParlemen #livestreaming #breakingnews #DPRRI #TVR120 https://youtu.be/ISCfLXNslwo",https://x.com/search?q=(%22DPR%20RI%22%20OR%20%22Dewan%20Perwakilan%20Rakyat%22%20OR%20%22anggota%20DPR%22%20OR%20%22wakil%20rakyat%22%20OR%20%22Komisi%20DPR%22%20OR%20%22Gedung%20DPR%22)%20(%22RUU%22%20OR%20%22undang-undang%22%20OR%20%22kebijakan%22%20OR%20%22pengesahan%22%20OR%20%22reses%22%20OR%20%22rapat%20paripurna%22%20OR%20%22aspirasi%20rakyat%22)%20since%3A2023-01-01%20until%3A2023-12-31&src=typed_query&f=top
2023-12-12T04:24:37.000Z,@Lapas_Kendal_2A,Kepala Kantor Wilayah Kemenkumham Jawa Tengah terima kunjungan kerja reses komisi 3 DPR RI Lebih lengkap kunjungi : https://retizen.republika.co.id/posts/251945/kunjungan-kerja-reses-komisi-iii-dpr-ri-di-kantor-wilayah-kemenkumham-jateng…,https://x.com/search?q=(%22DPR%20RI%22%20OR%20%22Dewan%20Perwakilan%20Rakyat%22%20OR%20%22anggota%20DPR%22%20OR%20%22wakil%20rakyat%22%20OR%20%22Komisi%20DPR%22%20OR%20%22Gedung%20DPR%22)%20(%22RUU%22%20OR%20%22undang-undang%22%20OR%20%22kebijakan%22%20OR%20%22pengesahan%22%20OR%20%22reses%22%20OR%20%22rapat%20paripurna%22%20OR%20%22aspirasi%20rakyat%22)%20since%3A2023-01-01%20until%3A2023-12-31&src=typed_query&f=top
2023-12-12T06:36:07.000Z,@HumasRutansby,"Kepala Rutan Kelas I Surabaya Ikuti Reses Bersama Komisi III DPR RI dan Kantor Wilayah Kemenkumham Jawa Timur Surabaya - (11/12) Kepala Rutan Kelas I Surabaya, Wahyu Hendrajati, turut serta dalam jalannya reses yang diadakan antara",https://x.com/search?q=(%22DPR%20RI%22%20OR%20%22Dewan%20Perwakilan%20Rakyat%22%20OR%20%22anggota%20DPR%22%20OR%20%22wakil%20rakyat%22%20OR%20%22Komisi%20DPR%22%20OR%20%22Gedung%20DPR%22)%20(%22RUU%22%20OR%20%22undang-undang%22%20OR%20%22kebijakan%22%20OR%20%22pengesahan%22%20OR%20%22reses%22%20OR%20%22rapat%20paripurna%22%20OR%20%22aspirasi%20rakyat%22)%20since%3A2023-01-01%20until%3A2023-12-31&src=typed_query&f=top
2023-12-09T12:06:38.000Z,@FPKSDPRRI,"Tolak RUU Daerah Khusus Jakarta, HNW: Gubernur Jakarta Tak Dipilih Rakyat adalah Kemunduran Demokrasi dan Tak Sesuai Konstitusi || @hnurwahid (Wakil Ketua MPR RI dari Fraksi PKS) #fraksipksdprri #PKSpembelaRakyat #PKSnomor8",https://x.com/search?q=(%22DPR%20RI%22%20OR%20%22Dewan%20Perwakilan%20Rakyat%22%20OR%20%22anggota%20DPR%22%20OR%20%22wakil%20rakyat%22%20OR%20%22Komisi%20DPR%22%20OR%20%22Gedung%20DPR%22)%20(%22RUU%22%20OR%20%22undang-undang%22%20OR%20%22kebijakan%22%20OR%20%22pengesahan%22%20OR%20%22reses%22%20OR%20%22rapat%20paripurna%22%20OR%20%22aspirasi%20rakyat%22)%20since%3A2023-01-01%20until%3A2023-12-31&src=typed_query&f=top
2023-12-11T06:22:32.000Z,@bpombalikpapan,KUNJUNGAN KERJA KOMISI IX DPR RI Komisi IX DPR-RI dalam Reses Masa Persidangan II Tahun Sidang 2023 – 2024 melakukan kunjungan kerja provinsi Kalimantan Timur.,https://x.com/search?q=(%22DPR%20RI%22%20OR%20%22Dewan%20Perwakilan%20Rakyat%22%20OR%20%22anggota%20DPR%22%20OR%20%22wakil%20rakyat%22%20OR%20%22Komisi%20DPR%22%20OR%20%22Gedung%20DPR%22)%20(%22RUU%22%20OR%20%22undang-undang%22%20OR%20%22kebijakan%22%20OR%20%22pengesahan%22%20OR%20%22reses%22%20OR%20%22rapat%20paripurna%22%20OR%20%22aspirasi%20rakyat%22)%20since%3A2023-01-01%20until%3A2023-12-31&src=typed_query&f=top
2023-12-30T03:16:39.000Z,@GunadiWM,"Pilih ""Amin"" menjadi RI1 & RI2, sklgs memilih caleg PKS mewakili DPR RI, spy ""Amin"" memiliki dukungan penuh aleg PKS (yg kinerja advokasi-legislasinya tak lagi diragukan) dlm setiap usulan & pengesahan regulasi program di DPR RI. Ayo pilih Amin & pilih Caleg PKS pendukung nya!!!",https://x.com/search?q=(%22DPR%20RI%22%20OR%20%22Dewan%20Perwakilan%20Rakyat%22%20OR%20%22anggota%20DPR%22%20OR%20%22wakil%20rakyat%22%20OR%20%22Komisi%20DPR%22%20OR%20%22Gedung%20DPR%22)%20(%22RUU%22%20OR%20%22undang-undang%22%20OR%20%22kebijakan%22%20OR%20%22pengesahan%22%20OR%20%22reses%22%20OR%20%22rapat%20paripurna%22%20OR%20%22aspirasi%20rakyat%22)%20since%3A2023-01-01%20until%3A2023-12-31&src=typed_query&f=top
2023-12-12T00:33:38.000Z,@Kntebingtinggi,"Senin, 11 Desember 2023 Kepala Kejaksaan Negeri Tebing Tinggi Bapak Muchsin S.H., M.H beserta Kasubag dan Para Kasi mengikuti Kegiatan Kunjungan Reses Komisi III DPR RI Masa Persidangan II Tahun Sidang 2023-2024 Sumatera Utara secara daring di Ruang Vidcon Kejari Tebing Tinggi",https://x.com/search?q=(%22DPR%20RI%22%20OR%20%22Dewan%20Perwakilan%20Rakyat%22%20OR%20%22anggota%20DPR%22%20OR%20%22wakil%20rakyat%22%20OR%20%22Komisi%20DPR%22%20OR%20%22Gedung%20DPR%22)%20(%22RUU%22%20OR%20%22undang-undang%22%20OR%20%22kebijakan%22%20OR%20%22pengesahan%22%20OR%20%22reses%22%20OR%20%22rapat%20paripurna%22%20OR%20%22aspirasi%20rakyat%22)%20since%3A2023-01-01%20until%3A2023-12-31&src=typed_query&f=top
2023-12-14T23:40:48.000Z,@Golkar_News,Dave Laksono menyatakan Tentang Perubahan Kedua No. 11 Tahun 2008 UU ITE dan penyempurnaan atas pengaturan ruang digital telah disahkan di Rapat Paripurna DPR RI #partaigolkar #golkarpedia #airlanggahartarto #golkarprabowo #gibranmasukgolkar #Dave Laksono https://golkarpedia.com/dave-laksono-pengesahan-uu-ite-perkuat-jaminan-penghormatan-atas-hak-kebebasan-orang-lain/…,https://x.com/search?q=(%22DPR%20RI%22%20OR%20%22Dewan%20Perwakilan%20Rakyat%22%20OR%20%22anggota%20DPR%22%20OR%20%22wakil%20rakyat%22%20OR%20%22Komisi%20DPR%22%20OR%20%22Gedung%20DPR%22)%20(%22RUU%22%20OR%20%22undang-undang%22%20OR%20%22kebijakan%22%20OR%20%22pengesahan%22%20OR%20%22reses%22%20OR%20%22rapat%20paripurna%22%20OR%20%22aspirasi%20rakyat%22)%20since%3A2023-01-01%20until%3A2023-12-31&src=typed_query&f=top
2023-12-26T01:54:50.000Z,@kusjantonoWK,Undang undang tentang politik dinasti dari @DPR_RI sudah dibatalkan oleh @officialMKRI . Dan semua partai diam diam aja .,https://x.com/search?q=(%22DPR%20RI%22%20OR%20%22Dewan%20Perwakilan%20Rakyat%22%20OR%20%22anggota%20DPR%22%20OR%20%22wakil%20rakyat%22%20OR%20%22Komisi%20DPR%22%20OR%20%22Gedung%20DPR%22)%20(%22RUU%22%20OR%20%22undang-undang%22%20OR%20%22kebijakan%22%20OR%20%22pengesahan%22%20OR%20%22reses%22%20OR%20%22rapat%20paripurna%22%20OR%20%22aspirasi%20rakyat%22)%20since%3A2023-01-01%20until%3A2023-12-31&src=typed_query&f=top
2023-12-22T03:28:42.000Z,N/A,Jokowi bukan prabowo Jokowi bukan gibran JKW 2 X walikota 1X Gubernur Gibran baru 2 th walikota Jokowi sj ga percaya gibran JKW bilang yg logis sj Baru 2 th jd walikota msh muda JKW 6 th bangun Indonesia 4 th JKW langgar UU nepotisme kolusi bangun dinasty,https://x.com/search?q=(%22DPR%20RI%22%20OR%20%22Dewan%20Perwakilan%20Rakyat%22%20OR%20%22anggota%20DPR%22%20OR%20%22wakil%20rakyat%22%20OR%20%22Komisi%20DPR%22%20OR%20%22Gedung%20DPR%22)%20(%22RUU%22%20OR%20%22undang-undang%22%20OR%20%22kebijakan%22%20OR%20%22pengesahan%22%20OR%20%22reses%22%20OR%20%22rapat%20paripurna%22%20OR%20%22aspirasi%20rakyat%22)%20since%3A2023-01-01%20until%3A2023-12-31&src=typed_query&f=top
2023-12-11T10:44:29.000Z,@kompascom,"Presiden Joko Widodo mengatakan, Rancangan Undang-undang Daerah Khusus Jakarta (RUU DKJ) merupakan inisiatif dari Dewan Perwakilan Rakyat (DPR). Menurut dia, draf RUU tersebut hingga kini belum diterimanya. < #Jokowi #RUUDKJ https://nasional.kompas.com/read/2023/12/11/13125351/jokowi-ruu-dkj-inisiatif-dpr-biarkan-berproses-di-sana…",https://x.com/search?q=(%22DPR%20RI%22%20OR%20%22Dewan%20Perwakilan%20Rakyat%22%20OR%20%22anggota%20DPR%22%20OR%20%22wakil%20rakyat%22%20OR%20%22Komisi%20DPR%22%20OR%20%22Gedung%20DPR%22)%20(%22RUU%22%20OR%20%22undang-undang%22%20OR%20%22kebijakan%22%20OR%20%22pengesahan%22%20OR%20%22reses%22%20OR%20%22rapat%20paripurna%22%20OR%20%22aspirasi%20rakyat%22)%20since%3A2023-01-01%20until%3A2023-12-31&src=typed_query&f=top
2023-12-24T13:14:28.000Z,@MightyWar3,"Kongres Amerika Serikat pada Kamis, menyetujui anggaran pertahanan sebesar $886 Miliar (Rp13.703,62 Triliun) untuk tahun 2024 karena lebih dari dua pertiga Dewan Perwakilan Rakyat Amerika Serikat menyetujui Rancangan Undang Undang (RUU) kebijakan pertahanan tersebut. 2)",https://x.com/search?q=(%22DPR%20RI%22%20OR%20%22Dewan%20Perwakilan%20Rakyat%22%20OR%20%22anggota%20DPR%22%20OR%20%22wakil%20rakyat%22%20OR%20%22Komisi%20DPR%22%20OR%20%22Gedung%20DPR%22)%20(%22RUU%22%20OR%20%22undang-undang%22%20OR%20%22kebijakan%22%20OR%20%22pengesahan%22%20OR%20%22reses%22%20OR%20%22rapat%20paripurna%22%20OR%20%22aspirasi%20rakyat%22)%20since%3A2023-01-01%20until%3A2023-12-31&src=typed_query&f=top
2023-12-22T05:58:33.000Z,@lapastuban_,"Kunjungan Kerja Reses DPR RI, Wihadi Apresiasi Kinerja Lapas Tuban TUBAN - Anggota Komisi III DPR RI Wihadi Wiyanto baru saja melakukan kunjungan Kerja di Lembaga Pemasyarakatan Kelas IIB Tuban... selengkapnya https://jatim.kemenkumham.go.id/berita-upt/266-tab-landing/31675-kunjungan-kerja-reses-dpr-ri-wihadi-apresiasi-kinerja-lapas-tuban…",https://x.com/search?q=(%22DPR%20RI%22%20OR%20%22Dewan%20Perwakilan%20Rakyat%22%20OR%20%22anggota%20DPR%22%20OR%20%22wakil%20rakyat%22%20OR%20%22Komisi%20DPR%22%20OR%20%22Gedung%20DPR%22)%20(%22RUU%22%20OR%20%22undang-undang%22%20OR%20%22kebijakan%22%20OR%20%22pengesahan%22%20OR%20%22reses%22%20OR%20%22rapat%20paripurna%22%20OR%20%22aspirasi%20rakyat%22)%20since%3A2023-01-01%20until%3A2023-12-31&src=typed_query&f=top
2023-12-07T04:46:11.000Z,@FPKSKabBekasi,"Tolak RUU Daerah Khusus Jakarta, HNW: Gubernur Tak Dipilih Rakyat, Kemunduran Demokrasi: Anggota DPR sekaligus Wakil Ketua MPR RI dari Fraksi PKS Hidayat Nur Wahid, mendukung penolakan terhadap Rancangan Undang – Undang tentang… http://dlvr.it/Szpclg PKS Pembela Rakyat",https://x.com/search?q=(%22DPR%20RI%22%20OR%20%22Dewan%20Perwakilan%20Rakyat%22%20OR%20%22anggota%20DPR%22%20OR%20%22wakil%20rakyat%22%20OR%20%22Komisi%20DPR%22%20OR%20%22Gedung%20DPR%22)%20(%22RUU%22%20OR%20%22undang-undang%22%20OR%20%22kebijakan%22%20OR%20%22pengesahan%22%20OR%20%22reses%22%20OR%20%22rapat%20paripurna%22%20OR%20%22aspirasi%20rakyat%22)%20since%3A2023-01-01%20until%3A2023-12-31&src=typed_query&f=top
2023-12-28T06:55:36.000Z,@LalitaKamaria,Tindakan nyata Pak Iwan Bule memberikan bukti bahwa kebijakan tidak hanya dilaksanakan di gedung DPR RI. #IwanBuleDapilJabarX PakIwanBule GerindraPilihanku,https://x.com/search?q=(%22DPR%20RI%22%20OR%20%22Dewan%20Perwakilan%20Rakyat%22%20OR%20%22anggota%20DPR%22%20OR%20%22wakil%20rakyat%22%20OR%20%22Komisi%20DPR%22%20OR%20%22Gedung%20DPR%22)%20(%22RUU%22%20OR%20%22undang-undang%22%20OR%20%22kebijakan%22%20OR%20%22pengesahan%22%20OR%20%22reses%22%20OR%20%22rapat%20paripurna%22%20OR%20%22aspirasi%20rakyat%22)%20since%3A2023-01-01%20until%3A2023-12-31&src=typed_query&f=top
2023-12-09T14:01:20.000Z,@putihamidah1,Dukung Eva Sundari legislatif DPR RI untuk pengesahan RUU PRT #Nasdem #SavePRT #Jatim #Madiun #Nganjuk #jombang #Mojokerto #EvaSundari #EvaKusumaSundari,https://x.com/search?q=(%22DPR%20RI%22%20OR%20%22Dewan%20Perwakilan%20Rakyat%22%20OR%20%22anggota%20DPR%22%20OR%20%22wakil%20rakyat%22%20OR%20%22Komisi%20DPR%22%20OR%20%22Gedung%20DPR%22)%20(%22RUU%22%20OR%20%22undang-undang%22%20OR%20%22kebijakan%22%20OR%20%22pengesahan%22%20OR%20%22reses%22%20OR%20%22rapat%20paripurna%22%20OR%20%22aspirasi%20rakyat%22)%20since%3A2023-01-01%20until%3A2023-12-31&src=typed_query&f=top
2023-12-30T13:38:07.000Z,@jpnncom,Fraksi PKB DPR RI Jalankan Tugas Sebagai Penyambung Aspirasi Rakyat Sepanjang 2023 #FraksiPKB https://jpnn.com/news/fraksi-pkb-dpr-ri-jalankan-tugas-sebagai-penyambung-aspirasi-rakyat-sepanjang-2023…,https://x.com/search?q=(%22DPR%20RI%22%20OR%20%22Dewan%20Perwakilan%20Rakyat%22%20OR%20%22anggota%20DPR%22%20OR%20%22wakil%20rakyat%22%20OR%20%22Komisi%20DPR%22%20OR%20%22Gedung%20DPR%22)%20(%22RUU%22%20OR%20%22undang-undang%22%20OR%20%22kebijakan%22%20OR%20%22pengesahan%22%20OR%20%22reses%22%20OR%20%22rapat%20paripurna%22%20OR%20%22aspirasi%20rakyat%22)%20since%3A2023-01-01%20until%3A2023-12-31&src=typed_query&f=top
2023-12-11T02:09:49.000Z,@mc_prov_aceh,"Banda Aceh, InfoPublik - Dewan Perwakilan Rakyat Aceh menggelar rapat paripurna terhadap Rancangan Qanun Aceh Tentang Pajak Dan Retribusi Aceh, https://acehprov.go.id/berita/kategori/pemerintahan/dpra-paripurnakan-rancangan-qanun-aceh-tentang-pajak-dan-retribusi-aceh…",https://x.com/search?q=(%22DPR%20RI%22%20OR%20%22Dewan%20Perwakilan%20Rakyat%22%20OR%20%22anggota%20DPR%22%20OR%20%22wakil%20rakyat%22%20OR%20%22Komisi%20DPR%22%20OR%20%22Gedung%20DPR%22)%20(%22RUU%22%20OR%20%22undang-undang%22%20OR%20%22kebijakan%22%20OR%20%22pengesahan%22%20OR%20%22reses%22%20OR%20%22rapat%20paripurna%22%20OR%20%22aspirasi%20rakyat%22)%20since%3A2023-01-01%20until%3A2023-12-31&src=typed_query&f=top
2023-12-08T03:02:24.000Z,@oprek_os,kita siapa?.... - DPR RI resmi mengesahkan RUU tentang perubahan atas Undang-Undang Nomor 3 Tahun 2022 tentang Ibu Kota Negara (IKN) menjadi Undang-Undang (UU) melalui Rapat Paripurna DPR RI Ke-7 Masa Persidangan I Tahun Sidang 2023-2024-,https://x.com/search?q=(%22DPR%20RI%22%20OR%20%22Dewan%20Perwakilan%20Rakyat%22%20OR%20%22anggota%20DPR%22%20OR%20%22wakil%20rakyat%22%20OR%20%22Komisi%20DPR%22%20OR%20%22Gedung%20DPR%22)%20(%22RUU%22%20OR%20%22undang-undang%22%20OR%20%22kebijakan%22%20OR%20%22pengesahan%22%20OR%20%22reses%22%20OR%20%22rapat%20paripurna%22%20OR%20%22aspirasi%20rakyat%22)%20since%3A2023-01-01%20until%3A2023-12-31&src=typed_query&f=top
2023-12-12T14:30:16.000Z,@Elsia_CChaidir,"Mas Anies Mas Anies Kebijakan besar pemr, APBN atau RUU selalu dibahas wakil rakyat di parlemen. Seblm koar2 di #DebatPilpres2024 tanya dulu ke Nasdem, Ketum PKB yg cawapres ente dan PKS. Masa iya hrs diskusi ke masy langsung? Makanya gabung parpol Mas Anies! @aniesbaswedan",https://x.com/search?q=(%22DPR%20RI%22%20OR%20%22Dewan%20Perwakilan%20Rakyat%22%20OR%20%22anggota%20DPR%22%20OR%20%22wakil%20rakyat%22%20OR%20%22Komisi%20DPR%22%20OR%20%22Gedung%20DPR%22)%20(%22RUU%22%20OR%20%22undang-undang%22%20OR%20%22kebijakan%22%20OR%20%22pengesahan%22%20OR%20%22reses%22%20OR%20%22rapat%20paripurna%22%20OR%20%22aspirasi%20rakyat%22)%20since%3A2023-01-01%20until%3A2023-12-31&src=typed_query&f=top
2023-12-19T00:59:46.000Z,@tribunmedan,TERUNGKAP Penyebab RUU Perampasan Aset dan Pembatasan Transaksi Uang Kartal Belum Disahkan DPR RI https://medan.tribunnews.com/2023/12/19/terungkap-penyebab-ruu-perampasan-aset-dan-pembatasan-transaksi-uang-kartal-belum-disahkan-dpr-ri… via @tribunnews,https://x.com/search?q=(%22DPR%20RI%22%20OR%20%22Dewan%20Perwakilan%20Rakyat%22%20OR%20%22anggota%20DPR%22%20OR%20%22wakil%20rakyat%22%20OR%20%22Komisi%20DPR%22%20OR%20%22Gedung%20DPR%22)%20(%22RUU%22%20OR%20%22undang-undang%22%20OR%20%22kebijakan%22%20OR%20%22pengesahan%22%20OR%20%22reses%22%20OR%20%22rapat%20paripurna%22%20OR%20%22aspirasi%20rakyat%22)%20since%3A2023-01-01%20until%3A2023-12-31&src=typed_query&f=top
2023-12-12T13:45:45.000Z,@diskominfokepr1,"Dewan Perwakilan Rakyat Daerah (DPRD) Provinsi Kepulauan Riau (Kepri) menggelar rapat paripurna di Balairung Wan Seri Beni, Dompak, Tanjungpinang. Baca Selengkapnya di https://kepriprov.go.id",https://x.com/search?q=(%22DPR%20RI%22%20OR%20%22Dewan%20Perwakilan%20Rakyat%22%20OR%20%22anggota%20DPR%22%20OR%20%22wakil%20rakyat%22%20OR%20%22Komisi%20DPR%22%20OR%20%22Gedung%20DPR%22)%20(%22RUU%22%20OR%20%22undang-undang%22%20OR%20%22kebijakan%22%20OR%20%22pengesahan%22%20OR%20%22reses%22%20OR%20%22rapat%20paripurna%22%20OR%20%22aspirasi%20rakyat%22)%20since%3A2023-01-01%20until%3A2023-12-31&src=typed_query&f=top
2023-12-14T10:49:53.000Z,@iis_syuhada2,284. Kini tiba saatnya kami menanyakan kepada sidang dewan yang terhormat. Apakah Rancangan Undang-Undang tentang usulan inisiatif Badan Legislasi DPR RI #PKSAMINuntukIndonesia,https://x.com/search?q=(%22DPR%20RI%22%20OR%20%22Dewan%20Perwakilan%20Rakyat%22%20OR%20%22anggota%20DPR%22%20OR%20%22wakil%20rakyat%22%20OR%20%22Komisi%20DPR%22%20OR%20%22Gedung%20DPR%22)%20(%22RUU%22%20OR%20%22undang-undang%22%20OR%20%22kebijakan%22%20OR%20%22pengesahan%22%20OR%20%22reses%22%20OR%20%22rapat%20paripurna%22%20OR%20%22aspirasi%20rakyat%22)%20since%3A2023-01-01%20until%3A2023-12-31&src=typed_query&f=top
2023-12-20T07:12:37.000Z,@HarunAR1180,"Anggota Dewan Perwakilan Rakyat Daerah (DPRD) Provinsi Jawa Timur (Jatim) dari Fraksi Partai Keadilan Sejahtera (PKS), Lilik Hendarwati memanfaatkan kegiatan Reses Masa Sidang II Tahun 2022 untuk menampung aspirasi para UMKM. #LilikHendarwati #PKSpembelarakyat",https://x.com/search?q=(%22DPR%20RI%22%20OR%20%22Dewan%20Perwakilan%20Rakyat%22%20OR%20%22anggota%20DPR%22%20OR%20%22wakil%20rakyat%22%20OR%20%22Komisi%20DPR%22%20OR%20%22Gedung%20DPR%22)%20(%22RUU%22%20OR%20%22undang-undang%22%20OR%20%22kebijakan%22%20OR%20%22pengesahan%22%20OR%20%22reses%22%20OR%20%22rapat%20paripurna%22%20OR%20%22aspirasi%20rakyat%22)%20since%3A2023-01-01%20until%3A2023-12-31&src=typed_query&f=top
2023-12-13T06:01:55.000Z,@AzisDadun_,"didukung parpol pemenang pemilu dgn jumlah anggota DPR RI terbanyak, tapi tak juga mengesahkan RUU APK maafkan... masih ragu, jika dibilang tegas",https://x.com/search?q=(%22DPR%20RI%22%20OR%20%22Dewan%20Perwakilan%20Rakyat%22%20OR%20%22anggota%20DPR%22%20OR%20%22wakil%20rakyat%22%20OR%20%22Komisi%20DPR%22%20OR%20%22Gedung%20DPR%22)%20(%22RUU%22%20OR%20%22undang-undang%22%20OR%20%22kebijakan%22%20OR%20%22pengesahan%22%20OR%20%22reses%22%20OR%20%22rapat%20paripurna%22%20OR%20%22aspirasi%20rakyat%22)%20since%3A2023-01-01%20until%3A2023-12-31&src=typed_query&f=top
2023-12-14T10:50:03.000Z,@iis_syuhada2,tentang Provinsi Daerah Khusus Jakarta dapat disetujui menjadi Rancangan Undang-Undang usul DPR RI? kata Wakil Ketua DPR RI Lodewijk F. Paulus. #PKSAMINuntukIndonesia,https://x.com/search?q=(%22DPR%20RI%22%20OR%20%22Dewan%20Perwakilan%20Rakyat%22%20OR%20%22anggota%20DPR%22%20OR%20%22wakil%20rakyat%22%20OR%20%22Komisi%20DPR%22%20OR%20%22Gedung%20DPR%22)%20(%22RUU%22%20OR%20%22undang-undang%22%20OR%20%22kebijakan%22%20OR%20%22pengesahan%22%20OR%20%22reses%22%20OR%20%22rapat%20paripurna%22%20OR%20%22aspirasi%20rakyat%22)%20since%3A2023-01-01%20until%3A2023-12-31&src=typed_query&f=top
2023-12-20T10:31:36.000Z,@tapakibas,"Mas Ibas, wakil rakyat sing: - Wes terbukti beri bantu bukan janji - ⁠Wes terbukti perjuangkan aspirasi rakyat - ⁠Wes terbukti peduli, bekerja, dan merakyat https://m.youtube.com/watch?feature=shared&v=4qrC0xXL9X8…",https://x.com/search?q=(%22DPR%20RI%22%20OR%20%22Dewan%20Perwakilan%20Rakyat%22%20OR%20%22anggota%20DPR%22%20OR%20%22wakil%20rakyat%22%20OR%20%22Komisi%20DPR%22%20OR%20%22Gedung%20DPR%22)%20(%22RUU%22%20OR%20%22undang-undang%22%20OR%20%22kebijakan%22%20OR%20%22pengesahan%22%20OR%20%22reses%22%20OR%20%22rapat%20paripurna%22%20OR%20%22aspirasi%20rakyat%22)%20since%3A2023-01-01%20until%3A2023-12-31&src=typed_query&f=top
2023-12-29T22:53:31.000Z,@wartabengawan,Dewan Perwakilan Rakyat Daerah (DPRD) Kabupaten Boyolali menggelar rapat paripurna istimewa di akhir tahun sekaligus memperingati Hari Ulang Tahun https://wartabengawan.news/tata-negara/dewan-perwakilan-rakyat-daerah-dprd-kabupaten-boyolali-menggelar-rapat-paripurna-istimewa-di-akhir-tahun-sekaligus-memperingati-hari-ulang-tahun/…,https://x.com/search?q=(%22DPR%20RI%22%20OR%20%22Dewan%20Perwakilan%20Rakyat%22%20OR%20%22anggota%20DPR%22%20OR%20%22wakil%20rakyat%22%20OR%20%22Komisi%20DPR%22%20OR%20%22Gedung%20DPR%22)%20(%22RUU%22%20OR%20%22undang-undang%22%20OR%20%22kebijakan%22%20OR%20%22pengesahan%22%20OR%20%22reses%22%20OR%20%22rapat%20paripurna%22%20OR%20%22aspirasi%20rakyat%22)%20since%3A2023-01-01%20until%3A2023-12-31&src=typed_query&f=top
2023-12-14T10:49:22.000Z,@iis_syuhada2,279. DPR RI menyetujui Rancangan Undang-Undang tentang Provinsi Daerah Khusus Jakarta (RUU DKJ) #PKSAMINuntukIndonesia,https://x.com/search?q=(%22DPR%20RI%22%20OR%20%22Dewan%20Perwakilan%20Rakyat%22%20OR%20%22anggota%20DPR%22%20OR%20%22wakil%20rakyat%22%20OR%20%22Komisi%20DPR%22%20OR%20%22Gedung%20DPR%22)%20(%22RUU%22%20OR%20%22undang-undang%22%20OR%20%22kebijakan%22%20OR%20%22pengesahan%22%20OR%20%22reses%22%20OR%20%22rapat%20paripurna%22%20OR%20%22aspirasi%20rakyat%22)%20since%3A2023-01-01%20until%3A2023-12-31&src=typed_query&f=top
2023-12-14T10:49:32.000Z,@iis_syuhada2,282. Keputusan itu ditetapkan dalam Rapat Paripurna DPR RI ke-10 Masa Persidangan II Tahun Sidang 2023-2024 #PKSAMINuntukIndonesia,https://x.com/search?q=(%22DPR%20RI%22%20OR%20%22Dewan%20Perwakilan%20Rakyat%22%20OR%20%22anggota%20DPR%22%20OR%20%22wakil%20rakyat%22%20OR%20%22Komisi%20DPR%22%20OR%20%22Gedung%20DPR%22)%20(%22RUU%22%20OR%20%22undang-undang%22%20OR%20%22kebijakan%22%20OR%20%22pengesahan%22%20OR%20%22reses%22%20OR%20%22rapat%20paripurna%22%20OR%20%22aspirasi%20rakyat%22)%20since%3A2023-01-01%20until%3A2023-12-31&src=typed_query&f=top
2023-12-14T10:48:41.000Z,@iis_syuhada2,"269. Sebelumnya, Badan Legislasi (Baleg) DPR RI menyetujui Rancangan Undang-Undang (RUU) #PKSAMINuntukIndonesia",https://x.com/search?q=(%22DPR%20RI%22%20OR%20%22Dewan%20Perwakilan%20Rakyat%22%20OR%20%22anggota%20DPR%22%20OR%20%22wakil%20rakyat%22%20OR%20%22Komisi%20DPR%22%20OR%20%22Gedung%20DPR%22)%20(%22RUU%22%20OR%20%22undang-undang%22%20OR%20%22kebijakan%22%20OR%20%22pengesahan%22%20OR%20%22reses%22%20OR%20%22rapat%20paripurna%22%20OR%20%22aspirasi%20rakyat%22)%20since%3A2023-01-01%20until%3A2023-12-31&src=typed_query&f=top
2023-12-22T11:04:43.000Z,@OmarTara_2,MaaantaaPD. Populer di tengah Rakyat artinya Pak Ongku dlm kinerja sebagai Anggota DPR RI slalu amanah trhadap aspirasi Rakyat di dapil nya dan senantiasa berjuang di parlemen demi memenuhi harapan Rakyat Sumatra Utara khususnya dapil 2.,https://x.com/search?q=(%22DPR%20RI%22%20OR%20%22Dewan%20Perwakilan%20Rakyat%22%20OR%20%22anggota%20DPR%22%20OR%20%22wakil%20rakyat%22%20OR%20%22Komisi%20DPR%22%20OR%20%22Gedung%20DPR%22)%20(%22RUU%22%20OR%20%22undang-undang%22%20OR%20%22kebijakan%22%20OR%20%22pengesahan%22%20OR%20%22reses%22%20OR%20%22rapat%20paripurna%22%20OR%20%22aspirasi%20rakyat%22)%20since%3A2023-01-01%20until%3A2023-12-31&src=typed_query&f=top
2023-12-14T10:29:47.000Z,@iis_syuhada2,197. disampaikan Fraksi PKS di DPR RI dalam Rapat Paripurna DPR RI ke-10 #PKSAMINuntukIndonesia,https://x.com/search?q=(%22DPR%20RI%22%20OR%20%22Dewan%20Perwakilan%20Rakyat%22%20OR%20%22anggota%20DPR%22%20OR%20%22wakil%20rakyat%22%20OR%20%22Komisi%20DPR%22%20OR%20%22Gedung%20DPR%22)%20(%22RUU%22%20OR%20%22undang-undang%22%20OR%20%22kebijakan%22%20OR%20%22pengesahan%22%20OR%20%22reses%22%20OR%20%22rapat%20paripurna%22%20OR%20%22aspirasi%20rakyat%22)%20since%3A2023-01-01%20until%3A2023-12-31&src=typed_query&f=top
2023-12-06T10:29:05.000Z,@erakinimedia,Rancangan Undang-Undang (RUU) Daerah Khusus Jakarta (DKJ) sudah disetujui menjadi RUU usulan Dewan Perwakilan Rakyat (DPR). RUU ini disepakati dalam rapat paripurna DPR RI. https://erakini.id/nasional/era-rQy7W/hapus-hak-pilih-rakyat--tokoh-muda-nu-tolak-gubernur-jakarta-dipilih-presiden?utm_source=dlvr.it&utm_medium=twitter…,https://x.com/search?q=(%22DPR%20RI%22%20OR%20%22Dewan%20Perwakilan%20Rakyat%22%20OR%20%22anggota%20DPR%22%20OR%20%22wakil%20rakyat%22%20OR%20%22Komisi%20DPR%22%20OR%20%22Gedung%20DPR%22)%20(%22RUU%22%20OR%20%22undang-undang%22%20OR%20%22kebijakan%22%20OR%20%22pengesahan%22%20OR%20%22reses%22%20OR%20%22rapat%20paripurna%22%20OR%20%22aspirasi%20rakyat%22)%20since%3A2023-01-01%20until%3A2023-12-31&src=typed_query&f=top
2023-12-08T00:06:46.000Z,@BorobudurNews_,"DPR RI Setujui Revisi Undang Undang ITE, Ada Dua Point Penting https://borobudurnews.com/dpr-ri-setujui-revisi-undang-undang-ite-ada-dua-point-penting/…",https://x.com/search?q=(%22DPR%20RI%22%20OR%20%22Dewan%20Perwakilan%20Rakyat%22%20OR%20%22anggota%20DPR%22%20OR%20%22wakil%20rakyat%22%20OR%20%22Komisi%20DPR%22%20OR%20%22Gedung%20DPR%22)%20(%22RUU%22%20OR%20%22undang-undang%22%20OR%20%22kebijakan%22%20OR%20%22pengesahan%22%20OR%20%22reses%22%20OR%20%22rapat%20paripurna%22%20OR%20%22aspirasi%20rakyat%22)%20since%3A2023-01-01%20until%3A2023-12-31&src=typed_query&f=top
2023-12-11T06:29:21.000Z,@cnrtoday,Revisi kedua atas Undang-Undang Nomor 11 Tahun 2008 tentang Informasi dan Transaksi Elektronik (UU ITE) yang disetujui bersama DPR RI dan Pemerintah untuk disahkan menjadi UU pada 6 Desember 2023 lalu masih berpotensi mengancam kemerdekaan pers dan kemerd https://ceknricek.com/a/revisi-kedua-uu-ite-ancam-kemerdekaan-pers/35941…,https://x.com/search?q=(%22DPR%20RI%22%20OR%20%22Dewan%20Perwakilan%20Rakyat%22%20OR%20%22anggota%20DPR%22%20OR%20%22wakil%20rakyat%22%20OR%20%22Komisi%20DPR%22%20OR%20%22Gedung%20DPR%22)%20(%22RUU%22%20OR%20%22undang-undang%22%20OR%20%22kebijakan%22%20OR%20%22pengesahan%22%20OR%20%22reses%22%20OR%20%22rapat%20paripurna%22%20OR%20%22aspirasi%20rakyat%22)%20since%3A2023-01-01%20until%3A2023-12-31&src=typed_query&f=top
2023-12-29T22:54:38.000Z,@lingkarnusa_,Dewan Perwakilan Rakyat Daerah (DPRD) Kabupaten Boyolali menggelar rapat paripurna istimewa di akhir tahun sekaligus memperingati Hari Ulang Tahun https://karysmafm.com/tata-negara/dewan-perwakilan-rakyat-daerah-dprd-kabupaten-boyolali-menggelar-rapat-paripurna-istimewa-di-akhir-tahun-sekaligus-memperingati-hari-ulang-tahun…,https://x.com/search?q=(%22DPR%20RI%22%20OR%20%22Dewan%20Perwakilan%20Rakyat%22%20OR%20%22anggota%20DPR%22%20OR%20%22wakil%20rakyat%22%20OR%20%22Komisi%20DPR%22%20OR%20%22Gedung%20DPR%22)%20(%22RUU%22%20OR%20%22undang-undang%22%20OR%20%22kebijakan%22%20OR%20%22pengesahan%22%20OR%20%22reses%22%20OR%20%22rapat%20paripurna%22%20OR%20%22aspirasi%20rakyat%22)%20since%3A2023-01-01%20until%3A2023-12-31&src=typed_query&f=top
2023-12-16T14:22:48.000Z,@InfoSOLSEL,Dua Anggota DPRD Solsel Dapil 1 Turun ke Lapangan Guna Tampung Aspirasi Masyarakat Pada penghujung tahun 2023 Dewan Perwakilan Rakyat Daerah (DPRD) Kabupaten Solok Selatan lakukan reses kemasing masing Daerah Pemilihan (Dapil). https://fajarsumbar.com/2023/12/dua-anggota-dprd-solsel-dapil-1-turun.html…,https://x.com/search?q=(%22DPR%20RI%22%20OR%20%22Dewan%20Perwakilan%20Rakyat%22%20OR%20%22anggota%20DPR%22%20OR%20%22wakil%20rakyat%22%20OR%20%22Komisi%20DPR%22%20OR%20%22Gedung%20DPR%22)%20(%22RUU%22%20OR%20%22undang-undang%22%20OR%20%22kebijakan%22%20OR%20%22pengesahan%22%20OR%20%22reses%22%20OR%20%22rapat%20paripurna%22%20OR%20%22aspirasi%20rakyat%22)%20since%3A2023-01-01%20until%3A2023-12-31&src=typed_query&f=top
2023-12-14T07:07:57.000Z,@murimokoginta,Kunjungan kerja atau reses Anggota DPR RI Komisi II Kamran Muchtar Podomi ST di KPU Provinsi Sulut. @DPR_RI @NasDem @KPU_ID,https://x.com/search?q=(%22DPR%20RI%22%20OR%20%22Dewan%20Perwakilan%20Rakyat%22%20OR%20%22anggota%20DPR%22%20OR%20%22wakil%20rakyat%22%20OR%20%22Komisi%20DPR%22%20OR%20%22Gedung%20DPR%22)%20(%22RUU%22%20OR%20%22undang-undang%22%20OR%20%22kebijakan%22%20OR%20%22pengesahan%22%20OR%20%22reses%22%20OR%20%22rapat%20paripurna%22%20OR%20%22aspirasi%20rakyat%22)%20since%3A2023-01-01%20until%3A2023-12-31&src=typed_query&f=top
2023-12-29T22:55:13.000Z,@intermediapro_,Dewan Perwakilan Rakyat Daerah (DPRD) Kabupaten Boyolali menggelar rapat paripurna istimewa di akhir tahun sekaligus memperingati Hari Ulang Tahun https://intermedianews.net/boyolali/dewan-perwakilan-rakyat-daerah-dprd-kabupaten-boyolali-menggelar-rapat-paripurna-istimewa-di-akhir-tahun-sekaligus-memperingati-hari-ulang-tahun/…,https://x.com/search?q=(%22DPR%20RI%22%20OR%20%22Dewan%20Perwakilan%20Rakyat%22%20OR%20%22anggota%20DPR%22%20OR%20%22wakil%20rakyat%22%20OR%20%22Komisi%20DPR%22%20OR%20%22Gedung%20DPR%22)%20(%22RUU%22%20OR%20%22undang-undang%22%20OR%20%22kebijakan%22%20OR%20%22pengesahan%22%20OR%20%22reses%22%20OR%20%22rapat%20paripurna%22%20OR%20%22aspirasi%20rakyat%22)%20since%3A2023-01-01%20until%3A2023-12-31&src=typed_query&f=top
2023-12-20T11:31:39.000Z,@RasputinYon,"MUARA BELITI (20 Desember): Anggota DPR RI dari Fraksi Partai NasDem, Fauzi Amro melakukan reses https://nasdem.id/2023/12/20/fauzi-amro-dapat-dukungan-pesantren-nu-musi-rawas/…",https://x.com/search?q=(%22DPR%20RI%22%20OR%20%22Dewan%20Perwakilan%20Rakyat%22%20OR%20%22anggota%20DPR%22%20OR%20%22wakil%20rakyat%22%20OR%20%22Komisi%20DPR%22%20OR%20%22Gedung%20DPR%22)%20(%22RUU%22%20OR%20%22undang-undang%22%20OR%20%22kebijakan%22%20OR%20%22pengesahan%22%20OR%20%22reses%22%20OR%20%22rapat%20paripurna%22%20OR%20%22aspirasi%20rakyat%22)%20since%3A2023-01-01%20until%3A2023-12-31&src=typed_query&f=top
2023-12-18T13:57:21.000Z,@porostimurcom,"Dewan Perwakilan Rakyat Daerah (DPRD) Kabupaten Seram Bagian Timur (SBT), menggelar rapat paripurna istimewa dalam rangka memperingati Hari Ulang Tahun (HUT) Kabupaten SBT Ke-20, di ruang paripurna, Senin (18/12/2023). https://porostimur.com/dprd-gelar-rapat-paripurna-istimewa-hut-kabupaten-sbt-ke-20/…",https://x.com/search?q=(%22DPR%20RI%22%20OR%20%22Dewan%20Perwakilan%20Rakyat%22%20OR%20%22anggota%20DPR%22%20OR%20%22wakil%20rakyat%22%20OR%20%22Komisi%20DPR%22%20OR%20%22Gedung%20DPR%22)%20(%22RUU%22%20OR%20%22undang-undang%22%20OR%20%22kebijakan%22%20OR%20%22pengesahan%22%20OR%20%22reses%22%20OR%20%22rapat%20paripurna%22%20OR%20%22aspirasi%20rakyat%22)%20since%3A2023-01-01%20until%3A2023-12-31&src=typed_query&f=top
